{
  "timestamp": "20251212_214929",
  "iterations": 3,
  "results": [
    {
      "name": "단일 일정 (영어)",
      "avg": 2.0844759146372476,
      "min": 2.0434176921844482,
      "max": 2.1576855182647705,
      "count": 3
    },
    {
      "name": "단일 일정 (한글)",
      "avg": 2.334691603978475,
      "min": 2.05196475982666,
      "max": 2.899172067642212,
      "count": 3
    },
    {
      "name": "다중 일정 (영어)",
      "avg": 2.090630213419596,
      "min": 2.077139377593994,
      "max": 2.1054670810699463,
      "count": 3
    },
    {
      "name": "다중 일정 (한글)",
      "avg": 7.361906290054321,
      "min": 6.3397040367126465,
      "max": 8.065733432769775,
      "count": 3
    }
  ]
}