{
  "timestamp": "20251212_214333",
  "iterations": 3,
  "results": [
    {
      "name": "단일 일정 (영어)",
      "avg": 2.7078189849853516,
      "min": 2.0786049365997314,
      "max": 3.9646358489990234,
      "count": 3
    },
    {
      "name": "단일 일정 (한글)",
      "avg": 4.231355667114258,
      "min": 3.7993550300598145,
      "max": 4.9884033203125,
      "count": 3
    },
    {
      "name": "다중 일정 (영어)",
      "avg": 2.246060291926066,
      "min": 2.092268943786621,
      "max": 2.356074094772339,
      "count": 3
    },
    {
      "name": "다중 일정 (한글)",
      "avg": 9.69827938079834,
      "min": 8.657414674758911,
      "max": 11.714625597000122,
      "count": 3
    }
  ]
}