{
  "timestamp": "20251212_215432",
  "iterations": 3,
  "results": [
    {
      "name": "단일 일정 (영어)",
      "avg": 2.0605223973592124,
      "min": 2.033456563949585,
      "max": 2.1034188270568848,
      "count": 3
    },
    {
      "name": "단일 일정 (한글)",
      "avg": 2.3566013971964517,
      "min": 2.0367588996887207,
      "max": 2.9840426445007324,
      "count": 3
    },
    {
      "name": "다중 일정 (영어)",
      "avg": 2.087645689646403,
      "min": 2.0768802165985107,
      "max": 2.10392689704895,
      "count": 3
    },
    {
      "name": "다중 일정 (한글)",
      "avg": 7.550027052561442,
      "min": 6.653432130813599,
      "max": 8.467453718185425,
      "count": 3
    }
  ]
}